{"cameraMode":{"drawMode":0,"name":"Shaded","section":"Shading Mode"},"sceneLighting":false,"audioPlay":false,"sceneViewState":{"m_AlwaysRefresh":false,"showFog":true,"showSkybox":true,"showFlares":true,"showImageEffects":true,"showParticleSystems":true,"showVisualEffectGraphs":true,"m_FxEnabled":true},"in2DMode":false,"pivot":{"x":-1.4243613481521607,"y":0.019275031983852388,"z":1.600517749786377},"rotation":{"x":0.005734174977988005,"y":-0.9941466450691223,"z":0.08370503038167954,"w":0.06810382008552551},"size":2.7530226707458498,"orthographic":true}